Year,Black Disparity,White Disparity
2015,0.23093510324483774,-0.10787610619469024
2016,0.26702489626556014,-0.0843568464730291
2017,0.1882083333333333,-0.010208333333333375
2018,0.2076268656716418,-0.04044776119402982
2019,0.2206712328767123,-0.02383561643835619
2020,0.26736532507739935,-0.05414860681114553
